{
  "inputText": [
    {
      "orgtext": "안녕하세요, 골수기증에 대해 여쭤보려고요."
    }
  ],
  "dialogs": [
    {
      "audioPath": "Y:\\03.원천데이터\\01.대학병원\\01.진료안내\\01.검사\\HOS0003122\\HOS11000312231B001.wav"
    }
  ],
  "info": [
    {
      "metadata": {
        "title": "복지분야 콜상담 음성데이터",
        "category1": "대학병원",
        "category2": "진료안내",
        "category3": "검사",
        "speaker_type": "고객",
        "speaker_id": "SPK011",
        "speaker_age": "30대",
        "speaker_sex": "남",
        "sptime_all": "5.197",
        "sptime_start": "0.926",
        "sptime_end": "4.222",
        "rec_device": "스마트폰",
        "rec_place": "집"
      }
    }
  ]
}