{
  "inputText": [
    {
      "orgtext": "그럼, 일치하는 환자가 나올 때가지 기다려야 하네요?"
    }
  ],
  "dialogs": [
    {
      "audioPath": "Y:\\03.원천데이터\\01.대학병원\\01.진료안내\\01.검사\\HOS0003122\\HOS11000312231B009.wav"
    }
  ],
  "info": [
    {
      "metadata": {
        "title": "복지분야 콜상담 음성데이터",
        "category1": "대학병원",
        "category2": "진료안내",
        "category3": "검사",
        "speaker_type": "고객",
        "speaker_id": "SPK011",
        "speaker_age": "30대",
        "speaker_sex": "남",
        "sptime_all": "5.597",
        "sptime_start": "0.934",
        "sptime_end": "4.676",
        "rec_device": "스마트폰",
        "rec_place": "집"
      }
    }
  ]
}