{
  "inputText": [
    {
      "orgtext": "골반뼈에서 혈액을 채취하기 때문에 전신마취한다고 들었는데요."
    }
  ],
  "dialogs": [
    {
      "audioPath": "Y:\\03.원천데이터\\01.대학병원\\01.진료안내\\01.검사\\HOS0003122\\HOS11000312231B015.wav"
    }
  ],
  "info": [
    {
      "metadata": {
        "title": "복지분야 콜상담 음성데이터",
        "category1": "대학병원",
        "category2": "진료안내",
        "category3": "검사",
        "speaker_type": "고객",
        "speaker_id": "SPK011",
        "speaker_age": "30대",
        "speaker_sex": "남",
        "sptime_all": "7.047",
        "sptime_start": "0.971",
        "sptime_end": "6.060",
        "rec_device": "스마트폰",
        "rec_place": "집"
      }
    }
  ]
}