{
  "inputText": [
    {
      "orgtext": "신청을 하게 되면, 바로 기증을 할 수 있나요?"
    }
  ],
  "dialogs": [
    {
      "audioPath": "Y:\\03.원천데이터\\01.대학병원\\01.진료안내\\01.검사\\HOS0003122\\HOS11000312231B008.wav"
    }
  ],
  "info": [
    {
      "metadata": {
        "title": "복지분야 콜상담 음성데이터",
        "category1": "대학병원",
        "category2": "진료안내",
        "category3": "검사",
        "speaker_type": "고객",
        "speaker_id": "SPK011",
        "speaker_age": "30대",
        "speaker_sex": "남",
        "sptime_all": "5.047",
        "sptime_start": "0.946",
        "sptime_end": "4.072",
        "rec_device": "스마트폰",
        "rec_place": "집"
      }
    }
  ]
}